0	children	primari	teacher	school	train	read	mathemat	nearli	person	boy	young	vocat	citizenship	track	ii	write	purpos	abl	indigen	development	educ	pariti	domain	understand	enrol	stood	persist	safe	formal	two	decent	american	acut	master	electr	suppli	standard	franc	rural	someon	divers	adapt	emot	shortag	cognit	expand	point	handwash	engin	compulsori
1	sexual	marriag	marri	femal	unpaid	legal	genit	sex	empower	anoth	guarante	eighteenth	law	discrimin	older	respons	educ	harm	enforc	yet	posit	drop	southern	violat	procedur	constitut	natur	telephon	union	today	document	local	lack	pace	uneven	sphere	everywher	properti	obstacl	former	enabl	forc	half	rest	preval	matern	manageri	provis	disproportion	parliamentari
2	industri	research	manufactur	enterpris	landlock	credit	live	trillion	capabl	line	substanti	structur	resili	emiss	freight	job	rural	origin	stood	ship	cellular	strive	inter	retrofit	therebi	diversif	prompt	problem	ultim	basic	join	opportun	alia	encompass	contrast	low	african	capita	drive	chain	circumst	emerg	shift	foundat	rais	mask	equival	intens	although	tradit
3	marin	fish	stock	sea	overfish	law	unregul	unreport	water	subsidi	activ	reflect	restor	livelihood	legal	begin	safeguard	negoti	guidelin	artisan	shortest	steep	differenti	limit	special	subsist	treatment	beyond	appear	basin	anim	brazil	certain	harvest	gulf	prohibit	degrad	intergovernment	drive	abund	exclus	preserv	detriment	mile	eutroph	approv	girl	procedur	trade	individu
4	statist	registr	partnership	debt	oda	dollar	coher	reach	invest	net	scienc	civil	societi	financ	coordin	fulli	coverag	macroeconom	period	diffus	onlin	agenda	energi	design	highest	highlight	denmark	ethnic	view	lowest	migratori	doha	paragraph	met	downward	subsidi	hover	unafford	integr	erad	seven	enabl	highli	negoti	netherland	par	rule	compli	bring	issu
